{
  "first_sentence": {
    "rouge1": 0.18329903429903438,
    "rouge2": 0.06376734654234653,
    "rougeL": 0.18078072519268185,
    "rougeLsum": 0.18019173423195173
  },
  "last_sentence": {
    "rouge1": 0.033102525252525244,
    "rouge2": 0.012266666666666665,
    "rougeL": 0.032801731601731596,
    "rougeLsum": 0.03296154401154401
  },
  "first+last": {
    "rouge1": 0.17356791483370443,
    "rouge2": 0.058366917233093674,
    "rougeL": 0.1704655730393432,
    "rougeLsum": 0.17023850445892788
  }
}